# Index_ID	Forward	Reverse
F1+R1	ACTTGATCAGTTGGGCTGTTTTGGAG	ATTATTGCTTGTGATCCGCCTCAAGT
F1+R2	ACTTGATCAGTTGGGCTGTTTTGGAG	ATTGCTTGTGATCCGCtcgCACATCG
F1+R3	ACTTGATCAGTTGGGCTGTTTTGGAG	CTTGTGATCCGCCgcacaggATTGGC
F1+R4	ACTTGATCAGTTGGGCTGTTTTGGAG	GCTTGTGATCCGCCgcactcCACTGT
F1+R5	ACTTGATCAGTTGGGCTGTTTTGGAG	TATTGCTTGTGATCCGCCacTGGTCA
F1+R6	ACTTGATCAGTTGGGCTGTTTTGGAG	TGCTTGTGATCCGCCtcgcaGCCTAA
F1+R7	ACTTGATCAGTTGGGCTGTTTTGGAG	TGTGATCCGCCcgatacgtgGTAGCC
F1+R8	ACTTGATCAGTTGGGCTGTTTTGGAG	TTATTGCTTGTGATCCGCCaGATCTG
F1+R9	ACTTGATCAGTTGGGCTGTTTTGGAG	TTGCTTGTGATCCGCCtcatCGTGAT
F1+R10	ACTTGATCAGTTGGGCTGTTTTGGAG	TTGTGATCCGCCattgtgttAAGCTA
F2+R1	CAGATCtTCAGTTGGGCTGTTTTGGA	ATTATTGCTTGTGATCCGCCTCAAGT
F2+R2	CAGATCtTCAGTTGGGCTGTTTTGGA	ATTGCTTGTGATCCGCtcgCACATCG
F2+R3	CAGATCtTCAGTTGGGCTGTTTTGGA	CTTGTGATCCGCCgcacaggATTGGC
F2+R4	CAGATCtTCAGTTGGGCTGTTTTGGA	GCTTGTGATCCGCCgcactcCACTGT
F2+R5	CAGATCtTCAGTTGGGCTGTTTTGGA	TATTGCTTGTGATCCGCCacTGGTCA
F2+R6	CAGATCtTCAGTTGGGCTGTTTTGGA	TGCTTGTGATCCGCCtcgcaGCCTAA
F2+R7	CAGATCtTCAGTTGGGCTGTTTTGGA	TGTGATCCGCCcgatacgtgGTAGCC
F2+R8	CAGATCtTCAGTTGGGCTGTTTTGGA	TTATTGCTTGTGATCCGCCaGATCTG
F2+R9	CAGATCtTCAGTTGGGCTGTTTTGGA	TTGCTTGTGATCCGCCtcatCGTGAT
F2+R10	CAGATCtTCAGTTGGGCTGTTTTGGA	TTGTGATCCGCCattgtgttAAGCTA
F3+R1	CGATGTcgaTCAGTTGGGCTGTTTTG	ATTATTGCTTGTGATCCGCCTCAAGT
F3+R2	CGATGTcgaTCAGTTGGGCTGTTTTG	ATTGCTTGTGATCCGCtcgCACATCG
F3+R3	CGATGTcgaTCAGTTGGGCTGTTTTG	CTTGTGATCCGCCgcacaggATTGGC
F3+R4	CGATGTcgaTCAGTTGGGCTGTTTTG	GCTTGTGATCCGCCgcactcCACTGT
F3+R5	CGATGTcgaTCAGTTGGGCTGTTTTG	TATTGCTTGTGATCCGCCacTGGTCA
F3+R6	CGATGTcgaTCAGTTGGGCTGTTTTG	TGCTTGTGATCCGCCtcgcaGCCTAA
F3+R7	CGATGTcgaTCAGTTGGGCTGTTTTG	TGTGATCCGCCcgatacgtgGTAGCC
F3+R8	CGATGTcgaTCAGTTGGGCTGTTTTG	TTATTGCTTGTGATCCGCCaGATCTG
F3+R9	CGATGTcgaTCAGTTGGGCTGTTTTG	TTGCTTGTGATCCGCCtcatCGTGAT
F3+R10	CGATGTcgaTCAGTTGGGCTGTTTTG	TTGTGATCCGCCattgtgttAAGCTA
F4+R1	TTAGGCtgcgaTCAGTTGGGCTGTTT	ATTATTGCTTGTGATCCGCCTCAAGT
F4+R2	TTAGGCtgcgaTCAGTTGGGCTGTTT	ATTGCTTGTGATCCGCtcgCACATCG
F4+R3	TTAGGCtgcgaTCAGTTGGGCTGTTT	CTTGTGATCCGCCgcacaggATTGGC
F4+R4	TTAGGCtgcgaTCAGTTGGGCTGTTT	GCTTGTGATCCGCCgcactcCACTGT
F4+R5	TTAGGCtgcgaTCAGTTGGGCTGTTT	TATTGCTTGTGATCCGCCacTGGTCA
F4+R6	TTAGGCtgcgaTCAGTTGGGCTGTTT	TGCTTGTGATCCGCCtcgcaGCCTAA
F4+R7	TTAGGCtgcgaTCAGTTGGGCTGTTT	TGTGATCCGCCcgatacgtgGTAGCC
F4+R8	TTAGGCtgcgaTCAGTTGGGCTGTTT	TTATTGCTTGTGATCCGCCaGATCTG
F4+R9	TTAGGCtgcgaTCAGTTGGGCTGTTT	TTGCTTGTGATCCGCCtcatCGTGAT
F4+R10	TTAGGCtgcgaTCAGTTGGGCTGTTT	TTGTGATCCGCCattgtgttAAGCTA
F5+R1	ACAGTGgagtgcTCAGTTGGGCTGTT	ATTATTGCTTGTGATCCGCCTCAAGT
F5+R2	ACAGTGgagtgcTCAGTTGGGCTGTT	ATTGCTTGTGATCCGCtcgCACATCG
F5+R3	ACAGTGgagtgcTCAGTTGGGCTGTT	CTTGTGATCCGCCgcacaggATTGGC
F5+R4	ACAGTGgagtgcTCAGTTGGGCTGTT	GCTTGTGATCCGCCgcactcCACTGT
F5+R5	ACAGTGgagtgcTCAGTTGGGCTGTT	TATTGCTTGTGATCCGCCacTGGTCA
F5+R6	ACAGTGgagtgcTCAGTTGGGCTGTT	TGCTTGTGATCCGCCtcgcaGCCTAA
F5+R7	ACAGTGgagtgcTCAGTTGGGCTGTT	TGTGATCCGCCcgatacgtgGTAGCC
F5+R8	ACAGTGgagtgcTCAGTTGGGCTGTT	TTATTGCTTGTGATCCGCCaGATCTG
F5+R9	ACAGTGgagtgcTCAGTTGGGCTGTT	TTGCTTGTGATCCGCCtcatCGTGAT
F5+R10	ACAGTGgagtgcTCAGTTGGGCTGTT	TTGTGATCCGCCattgtgttAAGCTA
F6+R1	TAGCTTaacacaatTCAGTTGGGCTG	ATTATTGCTTGTGATCCGCCTCAAGT
F6+R2	TAGCTTaacacaatTCAGTTGGGCTG	ATTGCTTGTGATCCGCtcgCACATCG
F6+R3	TAGCTTaacacaatTCAGTTGGGCTG	CTTGTGATCCGCCgcacaggATTGGC
F6+R4	TAGCTTaacacaatTCAGTTGGGCTG	GCTTGTGATCCGCCgcactcCACTGT
F6+R5	TAGCTTaacacaatTCAGTTGGGCTG	TATTGCTTGTGATCCGCCacTGGTCA
F6+R6	TAGCTTaacacaatTCAGTTGGGCTG	TGCTTGTGATCCGCCtcgcaGCCTAA
F6+R7	TAGCTTaacacaatTCAGTTGGGCTG	TGTGATCCGCCcgatacgtgGTAGCC
F6+R8	TAGCTTaacacaatTCAGTTGGGCTG	TTATTGCTTGTGATCCGCCaGATCTG
F6+R9	TAGCTTaacacaatTCAGTTGGGCTG	TTGCTTGTGATCCGCCtcatCGTGAT
F6+R10	TAGCTTaacacaatTCAGTTGGGCTG	TTGTGATCCGCCattgtgttAAGCTA
F7+R1	GCCAATcctgtgcTCAGTTGGGCTGT	ATTATTGCTTGTGATCCGCCTCAAGT
F7+R2	GCCAATcctgtgcTCAGTTGGGCTGT	ATTGCTTGTGATCCGCtcgCACATCG
F7+R3	GCCAATcctgtgcTCAGTTGGGCTGT	CTTGTGATCCGCCgcacaggATTGGC
F7+R4	GCCAATcctgtgcTCAGTTGGGCTGT	GCTTGTGATCCGCCgcactcCACTGT
F7+R5	GCCAATcctgtgcTCAGTTGGGCTGT	TATTGCTTGTGATCCGCCacTGGTCA
F7+R6	GCCAATcctgtgcTCAGTTGGGCTGT	TGCTTGTGATCCGCCtcgcaGCCTAA
F7+R7	GCCAATcctgtgcTCAGTTGGGCTGT	TGTGATCCGCCcgatacgtgGTAGCC
F7+R8	GCCAATcctgtgcTCAGTTGGGCTGT	TTATTGCTTGTGATCCGCCaGATCTG
F7+R9	GCCAATcctgtgcTCAGTTGGGCTGT	TTGCTTGTGATCCGCCtcatCGTGAT
F7+R10	GCCAATcctgtgcTCAGTTGGGCTGT	TTGTGATCCGCCattgtgttAAGCTA
F8+R1	ATCACGatgaTCAGTTGGGCTGTTTT	ATTATTGCTTGTGATCCGCCTCAAGT
F8+R2	ATCACGatgaTCAGTTGGGCTGTTTT	ATTGCTTGTGATCCGCtcgCACATCG
F8+R3	ATCACGatgaTCAGTTGGGCTGTTTT	CTTGTGATCCGCCgcacaggATTGGC
F8+R4	ATCACGatgaTCAGTTGGGCTGTTTT	GCTTGTGATCCGCCgcactcCACTGT
F8+R5	ATCACGatgaTCAGTTGGGCTGTTTT	TATTGCTTGTGATCCGCCacTGGTCA
F8+R6	ATCACGatgaTCAGTTGGGCTGTTTT	TGCTTGTGATCCGCCtcgcaGCCTAA
F8+R7	ATCACGatgaTCAGTTGGGCTGTTTT	TGTGATCCGCCcgatacgtgGTAGCC
F8+R8	ATCACGatgaTCAGTTGGGCTGTTTT	TTATTGCTTGTGATCCGCCaGATCTG
F8+R9	ATCACGatgaTCAGTTGGGCTGTTTT	TTGCTTGTGATCCGCCtcatCGTGAT
F8+R10	ATCACGatgaTCAGTTGGGCTGTTTT	TTGTGATCCGCCattgtgttAAGCTA
F9+R1	GGCTACcacgtatcgTCAGTTGGGCT	ATTATTGCTTGTGATCCGCCTCAAGT
F9+R2	GGCTACcacgtatcgTCAGTTGGGCT	ATTGCTTGTGATCCGCtcgCACATCG
F9+R3	GGCTACcacgtatcgTCAGTTGGGCT	CTTGTGATCCGCCgcacaggATTGGC
F9+R4	GGCTACcacgtatcgTCAGTTGGGCT	GCTTGTGATCCGCCgcactcCACTGT
F9+R5	GGCTACcacgtatcgTCAGTTGGGCT	TATTGCTTGTGATCCGCCacTGGTCA
F9+R6	GGCTACcacgtatcgTCAGTTGGGCT	TGCTTGTGATCCGCCtcgcaGCCTAA
F9+R7	GGCTACcacgtatcgTCAGTTGGGCT	TGTGATCCGCCcgatacgtgGTAGCC
F9+R8	GGCTACcacgtatcgTCAGTTGGGCT	TTATTGCTTGTGATCCGCCaGATCTG
F9+R9	GGCTACcacgtatcgTCAGTTGGGCT	TTGCTTGTGATCCGCCtcatCGTGAT
F9+R10	GGCTACcacgtatcgTCAGTTGGGCT	TTGTGATCCGCCattgtgttAAGCTA
F10+R1	TGACCAgtTCAGTTGGGCTGTTTTGG	ATTATTGCTTGTGATCCGCCTCAAGT
F10+R2	TGACCAgtTCAGTTGGGCTGTTTTGG	ATTGCTTGTGATCCGCtcgCACATCG
F10+R3	TGACCAgtTCAGTTGGGCTGTTTTGG	CTTGTGATCCGCCgcacaggATTGGC
F10+R4	TGACCAgtTCAGTTGGGCTGTTTTGG	GCTTGTGATCCGCCgcactcCACTGT
F10+R5	TGACCAgtTCAGTTGGGCTGTTTTGG	TATTGCTTGTGATCCGCCacTGGTCA
F10+R6	TGACCAgtTCAGTTGGGCTGTTTTGG	TGCTTGTGATCCGCCtcgcaGCCTAA
F10+R7	TGACCAgtTCAGTTGGGCTGTTTTGG	TGTGATCCGCCcgatacgtgGTAGCC
F10+R8	TGACCAgtTCAGTTGGGCTGTTTTGG	TTATTGCTTGTGATCCGCCaGATCTG
F10+R9	TGACCAgtTCAGTTGGGCTGTTTTGG	TTGCTTGTGATCCGCCtcatCGTGAT
